Dataset,#TrainingRelease,%training (data on training / total data),%Defective in training,%Defective in testing,classifier,balancing,Feature Selection,Sensitivity,TP,FP,TN,FN,Precision,Recall,AUC,Kappa
bookkeeper-files/BOOKKEEPER,1,0.03920348475420037,0.03360298693217175,0.026757934038581208,NaiveBayes,NONE,false,NONE,42.0,48.0,0.0,1.0,0.4666666666666667,0.9767441860465116,0.5007267441860465,-0.02200320880128345
bookkeeper-files/BOOKKEEPER,1,0.03920348475420037,0.03360298693217175,0.026757934038581208,IBk,NONE,false,NONE,29.0,25.0,23.0,14.0,0.5370370370370371,0.6744186046511628,0.5564437984496124,0.1515658618216591
bookkeeper-files/BOOKKEEPER,1,0.03920348475420037,0.03360298693217175,0.026757934038581208,Random Forest,NONE,false,NONE,41.0,44.0,4.0,2.0,0.4823529411764706,0.9534883720930233,0.6162790697674418,0.03503918856615958
bookkeeper-files/BOOKKEEPER,2,0.09583074051026758,0.060360920970752956,0.009956440572495333,NaiveBayes,NONE,false,NONE,9.0,23.0,317.0,7.0,0.28125,0.5625,0.6784926470588235,0.3351593625498007
bookkeeper-files/BOOKKEEPER,2,0.09583074051026758,0.060360920970752956,0.009956440572495333,IBk,NONE,false,NONE,11.0,63.0,277.0,5.0,0.14864864864864866,0.6875,0.7725183823529411,0.18414667026152606
bookkeeper-files/BOOKKEEPER,2,0.09583074051026758,0.060360920970752956,0.009956440572495333,Random Forest,NONE,false,NONE,11.0,59.0,281.0,5.0,0.15714285714285714,0.6875,0.7895220588235294,0.19706794474203537
bookkeeper-files/BOOKKEEPER,3,0.31736154324828875,0.07031736154324829,0.021779713752333542,NaiveBayes,NONE,false,NONE,0.0,0.0,321.0,35.0,NaN,0.0,0.8825100133511349,0.0
bookkeeper-files/BOOKKEEPER,3,0.31736154324828875,0.07031736154324829,0.021779713752333542,IBk,NONE,false,NONE,2.0,4.0,317.0,33.0,0.3333333333333333,0.05714285714285714,0.5337783711615487,0.07082392776523702
bookkeeper-files/BOOKKEEPER,3,0.31736154324828875,0.07031736154324829,0.021779713752333542,Random Forest,NONE,false,NONE,3.0,2.0,319.0,32.0,0.6,0.08571428571428572,0.3206497552291945,0.12858171346292324
bookkeeper-files/BOOKKEEPER,4,0.5388923459863099,0.09209707529558182,0.017423771001866834,NaiveBayes,NONE,false,NONE,4.0,1.0,332.0,24.0,0.8,0.14285714285714285,0.847972972972973,0.2241898048654688
bookkeeper-files/BOOKKEEPER,4,0.5388923459863099,0.09209707529558182,0.017423771001866834,IBk,NONE,false,NONE,6.0,14.0,319.0,22.0,0.3,0.21428571428571427,0.555984555984556,0.19817374136228963
bookkeeper-files/BOOKKEEPER,4,0.5388923459863099,0.09209707529558182,0.017423771001866834,Random Forest,NONE,false,NONE,10.0,10.0,323.0,18.0,0.5,0.35714285714285715,0.907979407979408,0.3763573543928919
bookkeeper-files/BOOKKEEPER,5,0.7635345364032359,0.10952084629744867,0.009956440572495333,NaiveBayes,NONE,false,NONE,5.0,17.0,346.0,11.0,0.22727272727272727,0.3125,0.7816804407713499,0.22528836326470994
bookkeeper-files/BOOKKEEPER,5,0.7635345364032359,0.10952084629744867,0.009956440572495333,IBk,NONE,false,NONE,3.0,28.0,335.0,13.0,0.0967741935483871,0.1875,0.512482782369146,0.07621425598953739
bookkeeper-files/BOOKKEEPER,5,0.7635345364032359,0.10952084629744867,0.009956440572495333,Random Forest,NONE,false,NONE,6.0,17.0,346.0,10.0,0.2608695652173913,0.375,0.7599862258953168,0.2714133143467423
bookkeeper-files/BOOKKEEPER,1,0.03920348475420037,0.03360298693217175,0.026757934038581208,NaiveBayes,NONE,false,THRESH,42.0,48.0,0.0,1.0,0.4666666666666667,0.9767441860465116,0.4883720930232558,-0.02200320880128345
bookkeeper-files/BOOKKEEPER,1,0.03920348475420037,0.03360298693217175,0.026757934038581208,IBk,NONE,false,THRESH,29.0,25.0,23.0,14.0,0.5370370370370371,0.6744186046511628,0.5767926356589147,0.1515658618216591
bookkeeper-files/BOOKKEEPER,1,0.03920348475420037,0.03360298693217175,0.026757934038581208,Random Forest,NONE,false,THRESH,43.0,48.0,0.0,0.0,0.4725274725274725,1.0,0.5,0.0
bookkeeper-files/BOOKKEEPER,2,0.09583074051026758,0.060360920970752956,0.009956440572495333,NaiveBayes,NONE,false,THRESH,10.0,37.0,303.0,6.0,0.2127659574468085,0.625,0.7580882352941176,0.2683999235327851
bookkeeper-files/BOOKKEEPER,2,0.09583074051026758,0.060360920970752956,0.009956440572495333,IBk,NONE,false,THRESH,11.0,63.0,277.0,5.0,0.14864864864864866,0.6875,0.7511029411764706,0.18414667026152606
bookkeeper-files/BOOKKEEPER,2,0.09583074051026758,0.060360920970752956,0.009956440572495333,Random Forest,NONE,false,THRESH,15.0,335.0,5.0,1.0,0.04285714285714286,0.9375,0.47610294117647056,-0.0043662255659300065
bookkeeper-files/BOOKKEEPER,3,0.31736154324828875,0.07031736154324829,0.021779713752333542,NaiveBayes,NONE,false,THRESH,3.0,2.0,319.0,32.0,0.6,0.08571428571428572,0.539741878059635,0.12858171346292324
bookkeeper-files/BOOKKEEPER,3,0.31736154324828875,0.07031736154324829,0.021779713752333542,IBk,NONE,false,THRESH,2.0,4.0,317.0,33.0,0.3333333333333333,0.05714285714285714,0.522340898976413,0.07082392776523702
bookkeeper-files/BOOKKEEPER,3,0.31736154324828875,0.07031736154324829,0.021779713752333542,Random Forest,NONE,false,THRESH,7.0,36.0,285.0,28.0,0.16279069767441862,0.2,0.5439252336448598,0.07973180386137801
bookkeeper-files/BOOKKEEPER,4,0.5388923459863099,0.09209707529558182,0.017423771001866834,NaiveBayes,NONE,false,THRESH,8.0,8.0,325.0,20.0,0.5,0.2857142857142857,0.6308451308451308,0.32559380838003693
bookkeeper-files/BOOKKEEPER,4,0.5388923459863099,0.09209707529558182,0.017423771001866834,IBk,NONE,false,THRESH,6.0,14.0,319.0,22.0,0.3,0.21428571428571427,0.5861218361218361,0.19817374136228963
bookkeeper-files/BOOKKEEPER,4,0.5388923459863099,0.09209707529558182,0.017423771001866834,Random Forest,NONE,false,THRESH,28.0,277.0,56.0,0.0,0.09180327868852459,1.0,0.5840840840840841,0.030407338097408188
bookkeeper-files/BOOKKEEPER,5,0.7635345364032359,0.10952084629744867,0.009956440572495333,NaiveBayes,NONE,false,THRESH,9.0,20.0,343.0,7.0,0.3103448275862069,0.5625,0.7537017906336089,0.3654740497302662
bookkeeper-files/BOOKKEEPER,5,0.7635345364032359,0.10952084629744867,0.009956440572495333,IBk,NONE,false,THRESH,3.0,28.0,335.0,13.0,0.0967741935483871,0.1875,0.5551825068870524,0.07621425598953739
bookkeeper-files/BOOKKEEPER,5,0.7635345364032359,0.10952084629744867,0.009956440572495333,Random Forest,NONE,false,THRESH,14.0,303.0,60.0,2.0,0.04416403785488959,0.875,0.5201446280991735,0.004032292806493036
bookkeeper-files/BOOKKEEPER,1,0.03920348475420037,0.03360298693217175,0.026757934038581208,NaiveBayes,NONE,false,SENS,42.0,48.0,0.0,1.0,0.4666666666666667,0.9767441860465116,0.5007267441860465,-0.02200320880128345
bookkeeper-files/BOOKKEEPER,1,0.03920348475420037,0.03360298693217175,0.026757934038581208,IBk,NONE,false,SENS,29.0,25.0,23.0,14.0,0.5370370370370371,0.6744186046511628,0.5564437984496124,0.1515658618216591
bookkeeper-files/BOOKKEEPER,1,0.03920348475420037,0.03360298693217175,0.026757934038581208,Random Forest,NONE,false,SENS,43.0,48.0,0.0,0.0,0.4725274725274725,1.0,0.5704941860465116,0.0
bookkeeper-files/BOOKKEEPER,2,0.09583074051026758,0.060360920970752956,0.009956440572495333,NaiveBayes,NONE,false,SENS,10.0,37.0,303.0,6.0,0.2127659574468085,0.625,0.6784926470588235,0.2683999235327851
bookkeeper-files/BOOKKEEPER,2,0.09583074051026758,0.060360920970752956,0.009956440572495333,IBk,NONE,false,SENS,11.0,63.0,277.0,5.0,0.14864864864864866,0.6875,0.7725183823529411,0.18414667026152606
bookkeeper-files/BOOKKEEPER,2,0.09583074051026758,0.060360920970752956,0.009956440572495333,Random Forest,NONE,false,SENS,16.0,338.0,2.0,0.0,0.04519774011299435,1.0,0.7642463235294118,5.315967838394528E-4
bookkeeper-files/BOOKKEEPER,3,0.31736154324828875,0.07031736154324829,0.021779713752333542,NaiveBayes,NONE,false,SENS,3.0,2.0,319.0,32.0,0.6,0.08571428571428572,0.8825100133511349,0.12858171346292324
bookkeeper-files/BOOKKEEPER,3,0.31736154324828875,0.07031736154324829,0.021779713752333542,IBk,NONE,false,SENS,2.0,4.0,317.0,33.0,0.3333333333333333,0.05714285714285714,0.5337783711615487,0.07082392776523702
bookkeeper-files/BOOKKEEPER,3,0.31736154324828875,0.07031736154324829,0.021779713752333542,Random Forest,NONE,false,SENS,4.0,16.0,305.0,31.0,0.2,0.11428571428571428,0.3305295950155763,0.07964796479647909
bookkeeper-files/BOOKKEEPER,4,0.5388923459863099,0.09209707529558182,0.017423771001866834,NaiveBayes,NONE,false,SENS,8.0,8.0,325.0,20.0,0.5,0.2857142857142857,0.847972972972973,0.32559380838003693
bookkeeper-files/BOOKKEEPER,4,0.5388923459863099,0.09209707529558182,0.017423771001866834,IBk,NONE,false,SENS,6.0,14.0,319.0,22.0,0.3,0.21428571428571427,0.555984555984556,0.19817374136228963
bookkeeper-files/BOOKKEEPER,4,0.5388923459863099,0.09209707529558182,0.017423771001866834,Random Forest,NONE,false,SENS,20.0,41.0,292.0,8.0,0.32786885245901637,0.7142857142857143,0.8970398970398971,0.3839375892452895
bookkeeper-files/BOOKKEEPER,5,0.7635345364032359,0.10952084629744867,0.009956440572495333,NaiveBayes,NONE,false,SENS,9.0,20.0,343.0,7.0,0.3103448275862069,0.5625,0.7816804407713499,0.3654740497302662
bookkeeper-files/BOOKKEEPER,5,0.7635345364032359,0.10952084629744867,0.009956440572495333,IBk,NONE,false,SENS,3.0,28.0,335.0,13.0,0.0967741935483871,0.1875,0.512482782369146,0.07621425598953739
bookkeeper-files/BOOKKEEPER,5,0.7635345364032359,0.10952084629744867,0.009956440572495333,Random Forest,NONE,false,SENS,8.0,56.0,307.0,8.0,0.125,0.5,0.6788050964187328,0.14204867006225222
bookkeeper-files/BOOKKEEPER,1,0.03920348475420037,0.03360298693217175,0.026757934038581208,NaiveBayes,OVER,false,NONE,41.0,48.0,0.0,2.0,0.4606741573033708,0.9534883720930233,0.5101744186046512,-0.04405690683799904
bookkeeper-files/BOOKKEEPER,1,0.03920348475420037,0.03360298693217175,0.026757934038581208,IBk,OVER,false,NONE,30.0,25.0,23.0,13.0,0.5454545454545454,0.6976744186046512,0.5334302325581395,0.17430754536771742
bookkeeper-files/BOOKKEEPER,1,0.03920348475420037,0.03360298693217175,0.026757934038581208,Random Forest,OVER,false,NONE,33.0,30.0,18.0,10.0,0.5238095238095238,0.7674418604651163,0.6092538759689923,0.13907284768211925
bookkeeper-files/BOOKKEEPER,2,0.09583074051026758,0.060360920970752956,0.009956440572495333,NaiveBayes,OVER,false,NONE,7.0,22.0,318.0,9.0,0.2413793103448276,0.4375,0.592922794117647,0.2687516565067582
bookkeeper-files/BOOKKEEPER,2,0.09583074051026758,0.060360920970752956,0.009956440572495333,IBk,OVER,false,NONE,11.0,58.0,282.0,5.0,0.15942028985507245,0.6875,0.7806066176470589,0.2004848139170112
bookkeeper-files/BOOKKEEPER,2,0.09583074051026758,0.060360920970752956,0.009956440572495333,Random Forest,OVER,false,NONE,9.0,46.0,294.0,7.0,0.16363636363636364,0.5625,0.7871323529411764,0.19765266201735024
bookkeeper-files/BOOKKEEPER,3,0.31736154324828875,0.07031736154324829,0.021779713752333542,NaiveBayes,OVER,false,NONE,10.0,6.0,315.0,25.0,0.625,0.2857142857142857,0.8732977303070761,0.35219535102136634
bookkeeper-files/BOOKKEEPER,3,0.31736154324828875,0.07031736154324829,0.021779713752333542,IBk,OVER,false,NONE,6.0,25.0,296.0,29.0,0.1935483870967742,0.17142857142857143,0.5216288384512684,0.09856513176404338
bookkeeper-files/BOOKKEEPER,3,0.31736154324828875,0.07031736154324829,0.021779713752333542,Random Forest,OVER,false,NONE,3.0,4.0,317.0,32.0,0.42857142857142855,0.08571428571428572,0.7406319537160658,0.1138155165260682
bookkeeper-files/BOOKKEEPER,4,0.5388923459863099,0.09209707529558182,0.017423771001866834,NaiveBayes,OVER,false,NONE,9.0,8.0,325.0,19.0,0.5294117647058824,0.32142857142857145,0.8529064779064779,0.3626495782384099
bookkeeper-files/BOOKKEEPER,4,0.5388923459863099,0.09209707529558182,0.017423771001866834,IBk,OVER,false,NONE,9.0,38.0,295.0,19.0,0.19148936170212766,0.32142857142857145,0.7177713427713428,0.1581638915026795
bookkeeper-files/BOOKKEEPER,4,0.5388923459863099,0.09209707529558182,0.017423771001866834,Random Forest,OVER,false,NONE,18.0,34.0,299.0,10.0,0.34615384615384615,0.6428571428571429,0.8921063921063921,0.38832409118915606
bookkeeper-files/BOOKKEEPER,5,0.7635345364032359,0.10952084629744867,0.009956440572495333,NaiveBayes,OVER,false,NONE,6.0,17.0,346.0,10.0,0.2608695652173913,0.375,0.8231749311294766,0.2714133143467423
bookkeeper-files/BOOKKEEPER,5,0.7635345364032359,0.10952084629744867,0.009956440572495333,IBk,OVER,false,NONE,5.0,33.0,330.0,11.0,0.13157894736842105,0.3125,0.7610192837465565,0.13371428571428623
bookkeeper-files/BOOKKEEPER,5,0.7635345364032359,0.10952084629744867,0.009956440572495333,Random Forest,OVER,false,NONE,9.0,48.0,315.0,7.0,0.15789473684210525,0.5625,0.7215048209366391,0.1933985992338348
bookkeeper-files/BOOKKEEPER,1,0.03920348475420037,0.03360298693217175,0.026757934038581208,NaiveBayes,OVER,false,THRESH,42.0,48.0,0.0,1.0,0.4666666666666667,0.9767441860465116,0.4883720930232558,-0.02200320880128345
bookkeeper-files/BOOKKEEPER,1,0.03920348475420037,0.03360298693217175,0.026757934038581208,IBk,OVER,false,THRESH,31.0,26.0,22.0,12.0,0.543859649122807,0.7209302325581395,0.5896317829457365,0.17627441638875668
bookkeeper-files/BOOKKEEPER,1,0.03920348475420037,0.03360298693217175,0.026757934038581208,Random Forest,OVER,false,THRESH,43.0,48.0,0.0,0.0,0.4725274725274725,1.0,0.5,0.0
bookkeeper-files/BOOKKEEPER,2,0.09583074051026758,0.060360920970752956,0.009956440572495333,NaiveBayes,OVER,false,THRESH,9.0,35.0,305.0,7.0,0.20454545454545456,0.5625,0.7297794117647058,0.25060144346431473
bookkeeper-files/BOOKKEEPER,2,0.09583074051026758,0.060360920970752956,0.009956440572495333,IBk,OVER,false,THRESH,11.0,58.0,282.0,5.0,0.15942028985507245,0.6875,0.7584558823529411,0.2004848139170112
bookkeeper-files/BOOKKEEPER,2,0.09583074051026758,0.060360920970752956,0.009956440572495333,Random Forest,OVER,false,THRESH,14.0,326.0,14.0,2.0,0.041176470588235294,0.875,0.45808823529411763,-0.007871840905952212
bookkeeper-files/BOOKKEEPER,3,0.31736154324828875,0.07031736154324829,0.021779713752333542,NaiveBayes,OVER,false,THRESH,15.0,15.0,306.0,20.0,0.5,0.42857142857142855,0.6909212283044058,0.40779467680608394
bookkeeper-files/BOOKKEEPER,3,0.31736154324828875,0.07031736154324829,0.021779713752333542,IBk,OVER,false,THRESH,6.0,25.0,296.0,29.0,0.1935483870967742,0.17142857142857143,0.5467734757454383,0.09856513176404338
bookkeeper-files/BOOKKEEPER,3,0.31736154324828875,0.07031736154324829,0.021779713752333542,Random Forest,OVER,false,THRESH,14.0,54.0,267.0,21.0,0.20588235294117646,0.4,0.6158878504672897,0.16321925535915768
bookkeeper-files/BOOKKEEPER,4,0.5388923459863099,0.09209707529558182,0.017423771001866834,NaiveBayes,OVER,false,THRESH,13.0,15.0,318.0,15.0,0.4642857142857143,0.4642857142857143,0.7096203346203346,0.41924066924066955
bookkeeper-files/BOOKKEEPER,4,0.5388923459863099,0.09209707529558182,0.017423771001866834,IBk,OVER,false,THRESH,9.0,38.0,295.0,19.0,0.19148936170212766,0.32142857142857145,0.6036572286572287,0.1581638915026795
bookkeeper-files/BOOKKEEPER,4,0.5388923459863099,0.09209707529558182,0.017423771001866834,Random Forest,OVER,false,THRESH,28.0,293.0,40.0,0.0,0.08722741433021806,1.0,0.56006006006006,0.020738244470572986
bookkeeper-files/BOOKKEEPER,5,0.7635345364032359,0.10952084629744867,0.009956440572495333,NaiveBayes,OVER,false,THRESH,10.0,24.0,339.0,6.0,0.29411764705882354,0.625,0.7794421487603306,0.3634531407457169
bookkeeper-files/BOOKKEEPER,5,0.7635345364032359,0.10952084629744867,0.009956440572495333,IBk,OVER,false,THRESH,5.0,33.0,330.0,11.0,0.13157894736842105,0.3125,0.6107954545454546,0.13371428571428623
bookkeeper-files/BOOKKEEPER,5,0.7635345364032359,0.10952084629744867,0.009956440572495333,Random Forest,OVER,false,THRESH,14.0,318.0,45.0,2.0,0.04216867469879518,0.875,0.4994834710743802,-9.895438202987859E-5
bookkeeper-files/BOOKKEEPER,1,0.03920348475420037,0.03360298693217175,0.026757934038581208,NaiveBayes,OVER,false,SENS,42.0,48.0,0.0,1.0,0.4666666666666667,0.9767441860465116,0.5201065891472868,-0.02200320880128345
bookkeeper-files/BOOKKEEPER,1,0.03920348475420037,0.03360298693217175,0.026757934038581208,IBk,OVER,false,SENS,31.0,26.0,22.0,12.0,0.543859649122807,0.7209302325581395,0.5334302325581395,0.17627441638875668
bookkeeper-files/BOOKKEEPER,1,0.03920348475420037,0.03360298693217175,0.026757934038581208,Random Forest,OVER,false,SENS,41.0,46.0,2.0,2.0,0.47126436781609193,0.9534883720930233,0.5748546511627907,-0.004599816007359703
bookkeeper-files/BOOKKEEPER,2,0.09583074051026758,0.060360920970752956,0.009956440572495333,NaiveBayes,OVER,false,SENS,9.0,35.0,305.0,7.0,0.20454545454545456,0.5625,0.5930147058823529,0.25060144346431473
bookkeeper-files/BOOKKEEPER,2,0.09583074051026758,0.060360920970752956,0.009956440572495333,IBk,OVER,false,SENS,11.0,58.0,282.0,5.0,0.15942028985507245,0.6875,0.7807904411764706,0.2004848139170112
bookkeeper-files/BOOKKEEPER,2,0.09583074051026758,0.060360920970752956,0.009956440572495333,Random Forest,OVER,false,SENS,14.0,315.0,25.0,2.0,0.0425531914893617,0.875,0.7881433823529411,-0.004986998183307797
bookkeeper-files/BOOKKEEPER,3,0.31736154324828875,0.07031736154324829,0.021779713752333542,NaiveBayes,OVER,false,SENS,15.0,15.0,306.0,20.0,0.5,0.42857142857142855,0.8732977303070761,0.40779467680608394
bookkeeper-files/BOOKKEEPER,3,0.31736154324828875,0.07031736154324829,0.021779713752333542,IBk,OVER,false,SENS,6.0,25.0,296.0,29.0,0.1935483870967742,0.17142857142857143,0.5216288384512684,0.09856513176404338
bookkeeper-files/BOOKKEEPER,3,0.31736154324828875,0.07031736154324829,0.021779713752333542,Random Forest,OVER,false,SENS,10.0,45.0,276.0,25.0,0.18181818181818182,0.2857142857142857,0.4283044058744993,0.11599858105711225
bookkeeper-files/BOOKKEEPER,4,0.5388923459863099,0.09209707529558182,0.017423771001866834,NaiveBayes,OVER,false,SENS,13.0,15.0,318.0,15.0,0.4642857142857143,0.4642857142857143,0.8529064779064779,0.41924066924066955
bookkeeper-files/BOOKKEEPER,4,0.5388923459863099,0.09209707529558182,0.017423771001866834,IBk,OVER,false,SENS,9.0,38.0,295.0,19.0,0.19148936170212766,0.32142857142857145,0.7177713427713428,0.1581638915026795
bookkeeper-files/BOOKKEEPER,4,0.5388923459863099,0.09209707529558182,0.017423771001866834,Random Forest,OVER,false,SENS,27.0,289.0,44.0,1.0,0.08544303797468354,0.9642857142857143,0.7976190476190477,0.016884531590413965
bookkeeper-files/BOOKKEEPER,5,0.7635345364032359,0.10952084629744867,0.009956440572495333,NaiveBayes,OVER,false,SENS,10.0,24.0,339.0,6.0,0.29411764705882354,0.625,0.8231749311294766,0.3634531407457169
bookkeeper-files/BOOKKEEPER,5,0.7635345364032359,0.10952084629744867,0.009956440572495333,IBk,OVER,false,SENS,5.0,33.0,330.0,11.0,0.13157894736842105,0.3125,0.7610192837465565,0.13371428571428623
bookkeeper-files/BOOKKEEPER,5,0.7635345364032359,0.10952084629744867,0.009956440572495333,Random Forest,OVER,false,SENS,14.0,312.0,51.0,2.0,0.04294478527607362,0.875,0.7301136363636364,0.001510244491802743
bookkeeper-files/BOOKKEEPER,1,0.03920348475420037,0.03360298693217175,0.026757934038581208,NaiveBayes,UNDER,false,NONE,39.0,43.0,5.0,4.0,0.47560975609756095,0.9069767441860465,0.6070736434108527,0.010640758732361824
bookkeeper-files/BOOKKEEPER,1,0.03920348475420037,0.03360298693217175,0.026757934038581208,IBk,UNDER,false,NONE,19.0,15.0,33.0,24.0,0.5588235294117647,0.4418604651162791,0.5683139534883721,0.13078618662747968
bookkeeper-files/BOOKKEEPER,1,0.03920348475420037,0.03360298693217175,0.026757934038581208,Random Forest,UNDER,false,NONE,11.0,8.0,40.0,32.0,0.5789473684210527,0.2558139534883721,0.6048934108527132,0.09181636726546914
bookkeeper-files/BOOKKEEPER,2,0.09583074051026758,0.060360920970752956,0.009956440572495333,NaiveBayes,UNDER,false,NONE,9.0,23.0,317.0,7.0,0.28125,0.5625,0.6784926470588235,0.3351593625498007
bookkeeper-files/BOOKKEEPER,2,0.09583074051026758,0.060360920970752956,0.009956440572495333,IBk,UNDER,false,NONE,11.0,63.0,277.0,5.0,0.14864864864864866,0.6875,0.7725183823529411,0.18414667026152606
bookkeeper-files/BOOKKEEPER,2,0.09583074051026758,0.060360920970752956,0.009956440572495333,Random Forest,UNDER,false,NONE,11.0,54.0,286.0,5.0,0.16923076923076924,0.6875,0.7889705882352941,0.21497981761100285
bookkeeper-files/BOOKKEEPER,3,0.31736154324828875,0.07031736154324829,0.021779713752333542,NaiveBayes,UNDER,false,NONE,0.0,0.0,321.0,35.0,NaN,0.0,0.8825100133511349,0.0
bookkeeper-files/BOOKKEEPER,3,0.31736154324828875,0.07031736154324829,0.021779713752333542,IBk,UNDER,false,NONE,2.0,4.0,317.0,33.0,0.3333333333333333,0.05714285714285714,0.5337783711615487,0.07082392776523702
bookkeeper-files/BOOKKEEPER,3,0.31736154324828875,0.07031736154324829,0.021779713752333542,Random Forest,UNDER,false,NONE,3.0,2.0,319.0,32.0,0.6,0.08571428571428572,0.26858032932799286,0.12858171346292324
bookkeeper-files/BOOKKEEPER,4,0.5388923459863099,0.09209707529558182,0.017423771001866834,NaiveBayes,UNDER,false,NONE,4.0,1.0,332.0,24.0,0.8,0.14285714285714285,0.847972972972973,0.2241898048654688
bookkeeper-files/BOOKKEEPER,4,0.5388923459863099,0.09209707529558182,0.017423771001866834,IBk,UNDER,false,NONE,6.0,14.0,319.0,22.0,0.3,0.21428571428571427,0.555984555984556,0.19817374136228963
bookkeeper-files/BOOKKEEPER,4,0.5388923459863099,0.09209707529558182,0.017423771001866834,Random Forest,UNDER,false,NONE,11.0,8.0,325.0,17.0,0.5789473684210527,0.39285714285714285,0.9054590304590304,0.43249701314217437
bookkeeper-files/BOOKKEEPER,5,0.7635345364032359,0.10952084629744867,0.009956440572495333,NaiveBayes,UNDER,false,NONE,5.0,17.0,346.0,11.0,0.22727272727272727,0.3125,0.7816804407713499,0.22528836326470994
bookkeeper-files/BOOKKEEPER,5,0.7635345364032359,0.10952084629744867,0.009956440572495333,IBk,UNDER,false,NONE,3.0,28.0,335.0,13.0,0.0967741935483871,0.1875,0.512482782369146,0.07621425598953739
bookkeeper-files/BOOKKEEPER,5,0.7635345364032359,0.10952084629744867,0.009956440572495333,Random Forest,UNDER,false,NONE,6.0,16.0,347.0,10.0,0.2727272727272727,0.375,0.7665289256198347,0.28062490874580287
bookkeeper-files/BOOKKEEPER,1,0.03920348475420037,0.03360298693217175,0.026757934038581208,NaiveBayes,UNDER,false,THRESH,42.0,48.0,0.0,1.0,0.4666666666666667,0.9767441860465116,0.4883720930232558,-0.02200320880128345
bookkeeper-files/BOOKKEEPER,1,0.03920348475420037,0.03360298693217175,0.026757934038581208,IBk,UNDER,false,THRESH,29.0,25.0,23.0,14.0,0.5370370370370371,0.6744186046511628,0.5767926356589147,0.1515658618216591
bookkeeper-files/BOOKKEEPER,1,0.03920348475420037,0.03360298693217175,0.026757934038581208,Random Forest,UNDER,false,THRESH,43.0,48.0,0.0,0.0,0.4725274725274725,1.0,0.5,0.0
bookkeeper-files/BOOKKEEPER,2,0.09583074051026758,0.060360920970752956,0.009956440572495333,NaiveBayes,UNDER,false,THRESH,10.0,37.0,303.0,6.0,0.2127659574468085,0.625,0.7580882352941176,0.2683999235327851
bookkeeper-files/BOOKKEEPER,2,0.09583074051026758,0.060360920970752956,0.009956440572495333,IBk,UNDER,false,THRESH,11.0,63.0,277.0,5.0,0.14864864864864866,0.6875,0.7511029411764706,0.18414667026152606
bookkeeper-files/BOOKKEEPER,2,0.09583074051026758,0.060360920970752956,0.009956440572495333,Random Forest,UNDER,false,THRESH,14.0,332.0,8.0,2.0,0.04046242774566474,0.875,0.44926470588235295,-0.009371816638370114
bookkeeper-files/BOOKKEEPER,3,0.31736154324828875,0.07031736154324829,0.021779713752333542,NaiveBayes,UNDER,false,THRESH,3.0,2.0,319.0,32.0,0.6,0.08571428571428572,0.539741878059635,0.12858171346292324
bookkeeper-files/BOOKKEEPER,3,0.31736154324828875,0.07031736154324829,0.021779713752333542,IBk,UNDER,false,THRESH,2.0,4.0,317.0,33.0,0.3333333333333333,0.05714285714285714,0.522340898976413,0.07082392776523702
bookkeeper-files/BOOKKEEPER,3,0.31736154324828875,0.07031736154324829,0.021779713752333542,Random Forest,UNDER,false,THRESH,8.0,254.0,67.0,27.0,0.030534351145038167,0.22857142857142856,0.21864708500222518,-0.14468143537165878
bookkeeper-files/BOOKKEEPER,4,0.5388923459863099,0.09209707529558182,0.017423771001866834,NaiveBayes,UNDER,false,THRESH,8.0,8.0,325.0,20.0,0.5,0.2857142857142857,0.6308451308451308,0.32559380838003693
bookkeeper-files/BOOKKEEPER,4,0.5388923459863099,0.09209707529558182,0.017423771001866834,IBk,UNDER,false,THRESH,6.0,14.0,319.0,22.0,0.3,0.21428571428571427,0.5861218361218361,0.19817374136228963
bookkeeper-files/BOOKKEEPER,4,0.5388923459863099,0.09209707529558182,0.017423771001866834,Random Forest,UNDER,false,THRESH,28.0,282.0,51.0,0.0,0.09032258064516129,1.0,0.5765765765765766,0.027288883792925524
bookkeeper-files/BOOKKEEPER,5,0.7635345364032359,0.10952084629744867,0.009956440572495333,NaiveBayes,UNDER,false,THRESH,9.0,20.0,343.0,7.0,0.3103448275862069,0.5625,0.7537017906336089,0.3654740497302662
bookkeeper-files/BOOKKEEPER,5,0.7635345364032359,0.10952084629744867,0.009956440572495333,IBk,UNDER,false,THRESH,3.0,28.0,335.0,13.0,0.0967741935483871,0.1875,0.5551825068870524,0.07621425598953739
bookkeeper-files/BOOKKEEPER,5,0.7635345364032359,0.10952084629744867,0.009956440572495333,Random Forest,UNDER,false,THRESH,13.0,297.0,66.0,3.0,0.041935483870967745,0.8125,0.4971590909090909,-5.808120808913021E-4
bookkeeper-files/BOOKKEEPER,1,0.03920348475420037,0.03360298693217175,0.026757934038581208,NaiveBayes,UNDER,false,SENS,42.0,48.0,0.0,1.0,0.4666666666666667,0.9767441860465116,0.5007267441860465,-0.02200320880128345
bookkeeper-files/BOOKKEEPER,1,0.03920348475420037,0.03360298693217175,0.026757934038581208,IBk,UNDER,false,SENS,29.0,25.0,23.0,14.0,0.5370370370370371,0.6744186046511628,0.5564437984496124,0.1515658618216591
bookkeeper-files/BOOKKEEPER,1,0.03920348475420037,0.03360298693217175,0.026757934038581208,Random Forest,UNDER,false,SENS,43.0,48.0,0.0,0.0,0.4725274725274725,1.0,0.5382751937984496,0.0
bookkeeper-files/BOOKKEEPER,2,0.09583074051026758,0.060360920970752956,0.009956440572495333,NaiveBayes,UNDER,false,SENS,10.0,37.0,303.0,6.0,0.2127659574468085,0.625,0.6784926470588235,0.2683999235327851
bookkeeper-files/BOOKKEEPER,2,0.09583074051026758,0.060360920970752956,0.009956440572495333,IBk,UNDER,false,SENS,11.0,63.0,277.0,5.0,0.14864864864864866,0.6875,0.7725183823529411,0.18414667026152606
bookkeeper-files/BOOKKEEPER,2,0.09583074051026758,0.060360920970752956,0.009956440572495333,Random Forest,UNDER,false,SENS,16.0,337.0,3.0,0.0,0.0453257790368272,1.0,0.7953125,7.995469234100675E-4
bookkeeper-files/BOOKKEEPER,3,0.31736154324828875,0.07031736154324829,0.021779713752333542,NaiveBayes,UNDER,false,SENS,3.0,2.0,319.0,32.0,0.6,0.08571428571428572,0.8825100133511349,0.12858171346292324
bookkeeper-files/BOOKKEEPER,3,0.31736154324828875,0.07031736154324829,0.021779713752333542,IBk,UNDER,false,SENS,2.0,4.0,317.0,33.0,0.3333333333333333,0.05714285714285714,0.5337783711615487,0.07082392776523702
bookkeeper-files/BOOKKEEPER,3,0.31736154324828875,0.07031736154324829,0.021779713752333542,Random Forest,UNDER,false,SENS,4.0,9.0,312.0,31.0,0.3076923076923077,0.11428571428571428,0.34361370716510903,0.11979231054518458
bookkeeper-files/BOOKKEEPER,4,0.5388923459863099,0.09209707529558182,0.017423771001866834,NaiveBayes,UNDER,false,SENS,8.0,8.0,325.0,20.0,0.5,0.2857142857142857,0.847972972972973,0.32559380838003693
bookkeeper-files/BOOKKEEPER,4,0.5388923459863099,0.09209707529558182,0.017423771001866834,IBk,UNDER,false,SENS,6.0,14.0,319.0,22.0,0.3,0.21428571428571427,0.555984555984556,0.19817374136228963
bookkeeper-files/BOOKKEEPER,4,0.5388923459863099,0.09209707529558182,0.017423771001866834,Random Forest,UNDER,false,SENS,19.0,38.0,295.0,9.0,0.3333333333333333,0.6785714285714286,0.8712998712998713,0.3828610919143057
bookkeeper-files/BOOKKEEPER,5,0.7635345364032359,0.10952084629744867,0.009956440572495333,NaiveBayes,UNDER,false,SENS,9.0,20.0,343.0,7.0,0.3103448275862069,0.5625,0.7816804407713499,0.3654740497302662
bookkeeper-files/BOOKKEEPER,5,0.7635345364032359,0.10952084629744867,0.009956440572495333,IBk,UNDER,false,SENS,3.0,28.0,335.0,13.0,0.0967741935483871,0.1875,0.512482782369146,0.07621425598953739
bookkeeper-files/BOOKKEEPER,5,0.7635345364032359,0.10952084629744867,0.009956440572495333,Random Forest,UNDER,false,SENS,11.0,61.0,302.0,5.0,0.1527777777777778,0.6875,0.7672176308539945,0.19434424117495472
bookkeeper-files/BOOKKEEPER,1,0.03920348475420037,0.03360298693217175,0.026757934038581208,NaiveBayes,SMOTE,false,NONE,42.0,48.0,0.0,1.0,0.4666666666666667,0.9767441860465116,0.5031492248062015,-0.02200320880128345
bookkeeper-files/BOOKKEEPER,1,0.03920348475420037,0.03360298693217175,0.026757934038581208,IBk,SMOTE,false,NONE,29.0,24.0,24.0,14.0,0.5471698113207547,0.6744186046511628,0.5668604651162791,0.17233125897558652
bookkeeper-files/BOOKKEEPER,1,0.03920348475420037,0.03360298693217175,0.026757934038581208,Random Forest,SMOTE,false,NONE,37.0,33.0,15.0,6.0,0.5285714285714286,0.8604651162790697,0.6288759689922481,0.16748768472906403
bookkeeper-files/BOOKKEEPER,2,0.09583074051026758,0.060360920970752956,0.009956440572495333,NaiveBayes,SMOTE,false,NONE,8.0,22.0,318.0,8.0,0.26666666666666666,0.5,0.6811580882352941,0.3072132848988067
bookkeeper-files/BOOKKEEPER,2,0.09583074051026758,0.060360920970752956,0.009956440572495333,IBk,SMOTE,false,NONE,11.0,50.0,290.0,5.0,0.18032786885245902,0.6875,0.7859375,0.2309505106048703
bookkeeper-files/BOOKKEEPER,2,0.09583074051026758,0.060360920970752956,0.009956440572495333,Random Forest,SMOTE,false,NONE,9.0,35.0,305.0,7.0,0.20454545454545456,0.5625,0.7488970588235294,0.25060144346431473
bookkeeper-files/BOOKKEEPER,3,0.31736154324828875,0.07031736154324829,0.021779713752333542,NaiveBayes,SMOTE,false,NONE,0.0,0.0,321.0,35.0,NaN,0.0,0.8850467289719626,0.0
bookkeeper-files/BOOKKEEPER,3,0.31736154324828875,0.07031736154324829,0.021779713752333542,IBk,SMOTE,false,NONE,6.0,239.0,82.0,29.0,0.024489795918367346,0.17142857142857143,0.2409879839786382,-0.15604022779595303
bookkeeper-files/BOOKKEEPER,3,0.31736154324828875,0.07031736154324829,0.021779713752333542,Random Forest,SMOTE,false,NONE,3.0,2.0,319.0,32.0,0.6,0.08571428571428572,0.24641744548286604,0.12858171346292324
bookkeeper-files/BOOKKEEPER,4,0.5388923459863099,0.09209707529558182,0.017423771001866834,NaiveBayes,SMOTE,false,NONE,5.0,3.0,330.0,23.0,0.625,0.17857142857142858,0.8506542256542257,0.25199234937838727
bookkeeper-files/BOOKKEEPER,4,0.5388923459863099,0.09209707529558182,0.017423771001866834,IBk,SMOTE,false,NONE,7.0,27.0,306.0,21.0,0.20588235294117646,0.25,0.5542149292149292,0.15382361558745988
bookkeeper-files/BOOKKEEPER,4,0.5388923459863099,0.09209707529558182,0.017423771001866834,Random Forest,SMOTE,false,NONE,12.0,24.0,309.0,16.0,0.3333333333333333,0.42857142857142855,0.5597383097383097,0.3152503793626705
bookkeeper-files/BOOKKEEPER,5,0.7635345364032359,0.10952084629744867,0.009956440572495333,NaiveBayes,SMOTE,false,NONE,7.0,18.0,345.0,9.0,0.28,0.4375,0.7833161157024794,0.30571951964176636
bookkeeper-files/BOOKKEEPER,5,0.7635345364032359,0.10952084629744867,0.009956440572495333,IBk,SMOTE,false,NONE,5.0,40.0,323.0,11.0,0.1111111111111111,0.3125,0.5556990358126722,0.10839983394067958
bookkeeper-files/BOOKKEEPER,5,0.7635345364032359,0.10952084629744867,0.009956440572495333,Random Forest,SMOTE,false,NONE,7.0,30.0,333.0,9.0,0.1891891891891892,0.4375,0.6578856749311295,0.21806062529757175
bookkeeper-files/BOOKKEEPER,1,0.03920348475420037,0.03360298693217175,0.026757934038581208,NaiveBayes,SMOTE,false,THRESH,42.0,48.0,0.0,1.0,0.4666666666666667,0.9767441860465116,0.4883720930232558,-0.02200320880128345
bookkeeper-files/BOOKKEEPER,1,0.03920348475420037,0.03360298693217175,0.026757934038581208,IBk,SMOTE,false,THRESH,29.0,24.0,24.0,14.0,0.5471698113207547,0.6744186046511628,0.5872093023255814,0.17233125897558652
bookkeeper-files/BOOKKEEPER,1,0.03920348475420037,0.03360298693217175,0.026757934038581208,Random Forest,SMOTE,false,THRESH,43.0,48.0,0.0,0.0,0.4725274725274725,1.0,0.5,0.0
bookkeeper-files/BOOKKEEPER,2,0.09583074051026758,0.060360920970752956,0.009956440572495333,NaiveBayes,SMOTE,false,THRESH,9.0,33.0,307.0,7.0,0.21428571428571427,0.5625,0.7327205882352941,0.2623290509738909
bookkeeper-files/BOOKKEEPER,2,0.09583074051026758,0.060360920970752956,0.009956440572495333,IBk,SMOTE,false,THRESH,11.0,50.0,290.0,5.0,0.18032786885245902,0.6875,0.7702205882352942,0.2309505106048703
bookkeeper-files/BOOKKEEPER,2,0.09583074051026758,0.060360920970752956,0.009956440572495333,Random Forest,SMOTE,false,THRESH,13.0,325.0,15.0,3.0,0.038461538461538464,0.8125,0.42830882352941174,-0.013540726338448718
bookkeeper-files/BOOKKEEPER,3,0.31736154324828875,0.07031736154324829,0.021779713752333542,NaiveBayes,SMOTE,false,THRESH,4.0,2.0,319.0,31.0,0.6666666666666666,0.11428571428571428,0.5540275923453494,0.1712753950338603
bookkeeper-files/BOOKKEEPER,3,0.31736154324828875,0.07031736154324829,0.021779713752333542,IBk,SMOTE,false,THRESH,6.0,239.0,82.0,29.0,0.024489795918367346,0.17142857142857143,0.21344014241210502,-0.15604022779595303
bookkeeper-files/BOOKKEEPER,3,0.31736154324828875,0.07031736154324829,0.021779713752333542,Random Forest,SMOTE,false,THRESH,5.0,30.0,291.0,30.0,0.14285714285714285,0.14285714285714285,0.5246995994659546,0.04939919893190935
bookkeeper-files/BOOKKEEPER,4,0.5388923459863099,0.09209707529558182,0.017423771001866834,NaiveBayes,SMOTE,false,THRESH,10.0,9.0,324.0,18.0,0.5263157894736842,0.35714285714285715,0.665057915057915,0.38709677419354876
bookkeeper-files/BOOKKEEPER,4,0.5388923459863099,0.09209707529558182,0.017423771001866834,IBk,SMOTE,false,THRESH,7.0,27.0,306.0,21.0,0.20588235294117646,0.25,0.5844594594594594,0.15382361558745988
bookkeeper-files/BOOKKEEPER,4,0.5388923459863099,0.09209707529558182,0.017423771001866834,Random Forest,SMOTE,false,THRESH,28.0,299.0,34.0,0.0,0.0856269113149847,1.0,0.551051051051051,0.017333831013355422
bookkeeper-files/BOOKKEEPER,5,0.7635345364032359,0.10952084629744867,0.009956440572495333,NaiveBayes,SMOTE,false,THRESH,10.0,27.0,336.0,6.0,0.2702702702702703,0.625,0.7753099173553719,0.33835899063640684
bookkeeper-files/BOOKKEEPER,5,0.7635345364032359,0.10952084629744867,0.009956440572495333,IBk,SMOTE,false,THRESH,5.0,40.0,323.0,11.0,0.1111111111111111,0.3125,0.6011535812672176,0.10839983394067958
bookkeeper-files/BOOKKEEPER,5,0.7635345364032359,0.10952084629744867,0.009956440572495333,Random Forest,SMOTE,false,THRESH,14.0,312.0,51.0,2.0,0.04294478527607362,0.875,0.5077479338842975,0.001510244491802743
bookkeeper-files/BOOKKEEPER,1,0.03920348475420037,0.03360298693217175,0.026757934038581208,NaiveBayes,SMOTE,false,SENS,42.0,48.0,0.0,1.0,0.4666666666666667,0.9767441860465116,0.5031492248062015,-0.02200320880128345
bookkeeper-files/BOOKKEEPER,1,0.03920348475420037,0.03360298693217175,0.026757934038581208,IBk,SMOTE,false,SENS,29.0,24.0,24.0,14.0,0.5471698113207547,0.6744186046511628,0.5668604651162791,0.17233125897558652
bookkeeper-files/BOOKKEEPER,1,0.03920348475420037,0.03360298693217175,0.026757934038581208,Random Forest,SMOTE,false,SENS,43.0,48.0,0.0,0.0,0.4725274725274725,1.0,0.6034399224806202,0.0
bookkeeper-files/BOOKKEEPER,2,0.09583074051026758,0.060360920970752956,0.009956440572495333,NaiveBayes,SMOTE,false,SENS,9.0,33.0,307.0,7.0,0.21428571428571427,0.5625,0.6811580882352941,0.2623290509738909
bookkeeper-files/BOOKKEEPER,2,0.09583074051026758,0.060360920970752956,0.009956440572495333,IBk,SMOTE,false,SENS,11.0,50.0,290.0,5.0,0.18032786885245902,0.6875,0.7859375,0.2309505106048703
bookkeeper-files/BOOKKEEPER,2,0.09583074051026758,0.060360920970752956,0.009956440572495333,Random Forest,SMOTE,false,SENS,14.0,323.0,17.0,2.0,0.04154302670623145,0.875,0.70625,-0.007102816754291272
bookkeeper-files/BOOKKEEPER,3,0.31736154324828875,0.07031736154324829,0.021779713752333542,NaiveBayes,SMOTE,false,SENS,4.0,2.0,319.0,31.0,0.6666666666666666,0.11428571428571428,0.8850467289719626,0.1712753950338603
bookkeeper-files/BOOKKEEPER,3,0.31736154324828875,0.07031736154324829,0.021779713752333542,IBk,SMOTE,false,SENS,6.0,239.0,82.0,29.0,0.024489795918367346,0.17142857142857143,0.2409879839786382,-0.15604022779595303
bookkeeper-files/BOOKKEEPER,3,0.31736154324828875,0.07031736154324829,0.021779713752333542,Random Forest,SMOTE,false,SENS,7.0,37.0,284.0,28.0,0.1590909090909091,0.2,0.2953271028037383,0.07602619389873853
bookkeeper-files/BOOKKEEPER,4,0.5388923459863099,0.09209707529558182,0.017423771001866834,NaiveBayes,SMOTE,false,SENS,10.0,9.0,324.0,18.0,0.5263157894736842,0.35714285714285715,0.8506542256542257,0.38709677419354876
bookkeeper-files/BOOKKEEPER,4,0.5388923459863099,0.09209707529558182,0.017423771001866834,IBk,SMOTE,false,SENS,7.0,27.0,306.0,21.0,0.20588235294117646,0.25,0.5542149292149292,0.15382361558745988
bookkeeper-files/BOOKKEEPER,4,0.5388923459863099,0.09209707529558182,0.017423771001866834,Random Forest,SMOTE,false,SENS,25.0,282.0,51.0,3.0,0.08143322475570032,0.8928571428571429,0.6000643500643501,0.00827043752349553
bookkeeper-files/BOOKKEEPER,5,0.7635345364032359,0.10952084629744867,0.009956440572495333,NaiveBayes,SMOTE,false,SENS,10.0,27.0,336.0,6.0,0.2702702702702703,0.625,0.7833161157024794,0.33835899063640684
bookkeeper-files/BOOKKEEPER,5,0.7635345364032359,0.10952084629744867,0.009956440572495333,IBk,SMOTE,false,SENS,5.0,40.0,323.0,11.0,0.1111111111111111,0.3125,0.5556990358126722,0.10839983394067958
bookkeeper-files/BOOKKEEPER,5,0.7635345364032359,0.10952084629744867,0.009956440572495333,Random Forest,SMOTE,false,SENS,11.0,298.0,65.0,5.0,0.03559870550161812,0.6875,0.6772555096418733,-0.013682064137985837
bookkeeper-files/BOOKKEEPER,1,0.03920348475420037,0.03360298693217175,0.026757934038581208,NaiveBayes,NONE,true,NONE,43.0,48.0,0.0,0.0,0.4725274725274725,1.0,0.6996124031007752,0.0
bookkeeper-files/BOOKKEEPER,1,0.03920348475420037,0.03360298693217175,0.026757934038581208,IBk,NONE,true,NONE,40.0,34.0,14.0,3.0,0.5405405405405406,0.9302325581395349,0.658672480620155,0.21386878356292324
bookkeeper-files/BOOKKEEPER,1,0.03920348475420037,0.03360298693217175,0.026757934038581208,Random Forest,NONE,true,NONE,40.0,33.0,15.0,3.0,0.547945205479452,0.9302325581395349,0.6286337209302325,0.23422159887798033
bookkeeper-files/BOOKKEEPER,2,0.09583074051026758,0.060360920970752956,0.009956440572495333,NaiveBayes,NONE,true,NONE,9.0,27.0,313.0,7.0,0.25,0.5625,0.7263786764705882,0.30276497695852556
bookkeeper-files/BOOKKEEPER,2,0.09583074051026758,0.060360920970752956,0.009956440572495333,IBk,NONE,true,NONE,10.0,70.0,270.0,6.0,0.125,0.625,0.73125,0.14423076923076922
bookkeeper-files/BOOKKEEPER,2,0.09583074051026758,0.060360920970752956,0.009956440572495333,Random Forest,NONE,true,NONE,12.0,62.0,278.0,4.0,0.16216216216216217,0.75,0.7918198529411765,0.20814235643030476
bookkeeper-files/BOOKKEEPER,3,0.31736154324828875,0.07031736154324829,0.021779713752333542,NaiveBayes,NONE,true,NONE,1.0,1.0,320.0,34.0,0.5,0.02857142857142857,0.8825100133511349,0.04389195825659988
bookkeeper-files/BOOKKEEPER,3,0.31736154324828875,0.07031736154324829,0.021779713752333542,IBk,NONE,true,NONE,2.0,6.0,315.0,33.0,0.25,0.05714285714285714,0.530173564753004,0.058584214808788136
bookkeeper-files/BOOKKEEPER,3,0.31736154324828875,0.07031736154324829,0.021779713752333542,Random Forest,NONE,true,NONE,2.0,1.0,320.0,33.0,0.6666666666666666,0.05714285714285714,0.49323542501112594,0.09115482805225972
bookkeeper-files/BOOKKEEPER,4,0.5388923459863099,0.09209707529558182,0.017423771001866834,NaiveBayes,NONE,true,NONE,11.0,7.0,326.0,17.0,0.6111111111111112,0.39285714285714285,0.8551051051051051,0.44454417232978577
bookkeeper-files/BOOKKEEPER,4,0.5388923459863099,0.09209707529558182,0.017423771001866834,IBk,NONE,true,NONE,6.0,16.0,317.0,22.0,0.2727272727272727,0.21428571428571427,0.5592020592020592,0.18432631704126545
bookkeeper-files/BOOKKEEPER,4,0.5388923459863099,0.09209707529558182,0.017423771001866834,Random Forest,NONE,true,NONE,10.0,15.0,318.0,18.0,0.4,0.35714285714285715,0.8775203775203775,0.3282016579259009
bookkeeper-files/BOOKKEEPER,5,0.7635345364032359,0.10952084629744867,0.009956440572495333,NaiveBayes,NONE,true,NONE,7.0,25.0,338.0,9.0,0.21875,0.4375,0.7178891184573003,0.24941752096924455
bookkeeper-files/BOOKKEEPER,5,0.7635345364032359,0.10952084629744867,0.009956440572495333,IBk,NONE,true,NONE,4.0,36.0,327.0,12.0,0.1,0.25,0.5040461432506887,0.08784596871239488
bookkeeper-files/BOOKKEEPER,5,0.7635345364032359,0.10952084629744867,0.009956440572495333,Random Forest,NONE,true,NONE,6.0,31.0,332.0,10.0,0.16216216216216217,0.375,0.7276170798898072,0.17796117018462698
bookkeeper-files/BOOKKEEPER,1,0.03920348475420037,0.03360298693217175,0.026757934038581208,NaiveBayes,NONE,true,THRESH,43.0,48.0,0.0,0.0,0.4725274725274725,1.0,0.5,0.0
bookkeeper-files/BOOKKEEPER,1,0.03920348475420037,0.03360298693217175,0.026757934038581208,IBk,NONE,true,THRESH,40.0,34.0,14.0,3.0,0.5405405405405406,0.9302325581395349,0.6109496124031008,0.21386878356292324
bookkeeper-files/BOOKKEEPER,1,0.03920348475420037,0.03360298693217175,0.026757934038581208,Random Forest,NONE,true,THRESH,43.0,48.0,0.0,0.0,0.4725274725274725,1.0,0.5,0.0
bookkeeper-files/BOOKKEEPER,2,0.09583074051026758,0.060360920970752956,0.009956440572495333,NaiveBayes,NONE,true,THRESH,11.0,54.0,286.0,5.0,0.16923076923076924,0.6875,0.7643382352941176,0.21497981761100285
bookkeeper-files/BOOKKEEPER,2,0.09583074051026758,0.060360920970752956,0.009956440572495333,IBk,NONE,true,THRESH,10.0,70.0,270.0,6.0,0.125,0.625,0.7095588235294118,0.14423076923076922
bookkeeper-files/BOOKKEEPER,2,0.09583074051026758,0.060360920970752956,0.009956440572495333,Random Forest,NONE,true,THRESH,15.0,334.0,6.0,1.0,0.04297994269340974,0.9375,0.47757352941176473,-0.004108712491159528
bookkeeper-files/BOOKKEEPER,3,0.31736154324828875,0.07031736154324829,0.021779713752333542,NaiveBayes,NONE,true,THRESH,13.0,7.0,314.0,22.0,0.65,0.37142857142857144,0.6748108589230084,0.43212321232123174
bookkeeper-files/BOOKKEEPER,3,0.31736154324828875,0.07031736154324829,0.021779713752333542,IBk,NONE,true,THRESH,2.0,6.0,315.0,33.0,0.25,0.05714285714285714,0.5192256341789052,0.058584214808788136
bookkeeper-files/BOOKKEEPER,3,0.31736154324828875,0.07031736154324829,0.021779713752333542,Random Forest,NONE,true,THRESH,12.0,30.0,291.0,23.0,0.2857142857142857,0.34285714285714286,0.6246995994659547,0.22899640405361257
bookkeeper-files/BOOKKEEPER,4,0.5388923459863099,0.09209707529558182,0.017423771001866834,NaiveBayes,NONE,true,THRESH,21.0,64.0,269.0,7.0,0.24705882352941178,0.75,0.7789039039039038,0.2886798212749425
bookkeeper-files/BOOKKEEPER,4,0.5388923459863099,0.09209707529558182,0.017423771001866834,IBk,NONE,true,THRESH,6.0,16.0,317.0,22.0,0.2727272727272727,0.21428571428571427,0.5831188331188332,0.18432631704126545
bookkeeper-files/BOOKKEEPER,4,0.5388923459863099,0.09209707529558182,0.017423771001866834,Random Forest,NONE,true,THRESH,25.0,61.0,272.0,3.0,0.29069767441860467,0.8928571428571429,0.8548369798369798,0.36419175518740726
bookkeeper-files/BOOKKEEPER,5,0.7635345364032359,0.10952084629744867,0.009956440572495333,NaiveBayes,NONE,true,THRESH,9.0,72.0,291.0,7.0,0.1111111111111111,0.5625,0.6820764462809917,0.1237891779579172
bookkeeper-files/BOOKKEEPER,5,0.7635345364032359,0.10952084629744867,0.009956440572495333,IBk,NONE,true,THRESH,4.0,36.0,327.0,12.0,0.1,0.25,0.5754132231404959,0.08784596871239488
bookkeeper-files/BOOKKEEPER,5,0.7635345364032359,0.10952084629744867,0.009956440572495333,Random Forest,NONE,true,THRESH,12.0,292.0,71.0,4.0,0.039473684210526314,0.75,0.4727961432506887,-0.005665519219736087
bookkeeper-files/BOOKKEEPER,1,0.03920348475420037,0.03360298693217175,0.026757934038581208,NaiveBayes,NONE,true,SENS,43.0,48.0,0.0,0.0,0.4725274725274725,1.0,0.6996124031007752,0.0
bookkeeper-files/BOOKKEEPER,1,0.03920348475420037,0.03360298693217175,0.026757934038581208,IBk,NONE,true,SENS,40.0,34.0,14.0,3.0,0.5405405405405406,0.9302325581395349,0.658672480620155,0.21386878356292324
bookkeeper-files/BOOKKEEPER,1,0.03920348475420037,0.03360298693217175,0.026757934038581208,Random Forest,NONE,true,SENS,43.0,48.0,0.0,0.0,0.4725274725274725,1.0,0.6497093023255814,0.0
bookkeeper-files/BOOKKEEPER,2,0.09583074051026758,0.060360920970752956,0.009956440572495333,NaiveBayes,NONE,true,SENS,11.0,54.0,286.0,5.0,0.16923076923076924,0.6875,0.7263786764705882,0.21497981761100285
bookkeeper-files/BOOKKEEPER,2,0.09583074051026758,0.060360920970752956,0.009956440572495333,IBk,NONE,true,SENS,10.0,70.0,270.0,6.0,0.125,0.625,0.73125,0.14423076923076922
bookkeeper-files/BOOKKEEPER,2,0.09583074051026758,0.060360920970752956,0.009956440572495333,Random Forest,NONE,true,SENS,16.0,340.0,0.0,0.0,0.0449438202247191,1.0,0.7547794117647059,0.0
bookkeeper-files/BOOKKEEPER,3,0.31736154324828875,0.07031736154324829,0.021779713752333542,NaiveBayes,NONE,true,SENS,13.0,7.0,314.0,22.0,0.65,0.37142857142857144,0.8825100133511349,0.43212321232123174
bookkeeper-files/BOOKKEEPER,3,0.31736154324828875,0.07031736154324829,0.021779713752333542,IBk,NONE,true,SENS,2.0,6.0,315.0,33.0,0.25,0.05714285714285714,0.530173564753004,0.058584214808788136
bookkeeper-files/BOOKKEEPER,3,0.31736154324828875,0.07031736154324829,0.021779713752333542,Random Forest,NONE,true,SENS,5.0,9.0,312.0,30.0,0.35714285714285715,0.14285714285714285,0.8062750333778371,0.15670553935860035
bookkeeper-files/BOOKKEEPER,4,0.5388923459863099,0.09209707529558182,0.017423771001866834,NaiveBayes,NONE,true,SENS,21.0,64.0,269.0,7.0,0.24705882352941178,0.75,0.8551051051051051,0.2886798212749425
bookkeeper-files/BOOKKEEPER,4,0.5388923459863099,0.09209707529558182,0.017423771001866834,IBk,NONE,true,SENS,6.0,16.0,317.0,22.0,0.2727272727272727,0.21428571428571427,0.5592020592020592,0.18432631704126545
bookkeeper-files/BOOKKEEPER,4,0.5388923459863099,0.09209707529558182,0.017423771001866834,Random Forest,NONE,true,SENS,16.0,33.0,300.0,12.0,0.32653061224489793,0.5714285714285714,0.8473294723294723,0.3515746617171593
bookkeeper-files/BOOKKEEPER,5,0.7635345364032359,0.10952084629744867,0.009956440572495333,NaiveBayes,NONE,true,SENS,9.0,72.0,291.0,7.0,0.1111111111111111,0.5625,0.7178891184573003,0.1237891779579172
bookkeeper-files/BOOKKEEPER,5,0.7635345364032359,0.10952084629744867,0.009956440572495333,IBk,NONE,true,SENS,4.0,36.0,327.0,12.0,0.1,0.25,0.5040461432506887,0.08784596871239488
bookkeeper-files/BOOKKEEPER,5,0.7635345364032359,0.10952084629744867,0.009956440572495333,Random Forest,NONE,true,SENS,10.0,54.0,309.0,6.0,0.15625,0.625,0.759641873278237,0.19567062818336162
bookkeeper-files/BOOKKEEPER,1,0.03920348475420037,0.03360298693217175,0.026757934038581208,NaiveBayes,OVER,true,NONE,41.0,48.0,0.0,2.0,0.4606741573033708,0.9534883720930233,0.5012112403100775,-0.04405690683799904
bookkeeper-files/BOOKKEEPER,1,0.03920348475420037,0.03360298693217175,0.026757934038581208,IBk,OVER,true,NONE,40.0,38.0,10.0,3.0,0.5128205128205128,0.9302325581395349,0.6584302325581395,0.1329305135951663
bookkeeper-files/BOOKKEEPER,1,0.03920348475420037,0.03360298693217175,0.026757934038581208,Random Forest,OVER,true,NONE,38.0,36.0,12.0,5.0,0.5135135135135135,0.8837209302325582,0.5828488372093024,0.1288816250291853
bookkeeper-files/BOOKKEEPER,2,0.09583074051026758,0.060360920970752956,0.009956440572495333,NaiveBayes,OVER,true,NONE,8.0,21.0,319.0,8.0,0.27586206896551724,0.5,0.6738051470588236,0.31592896899019324
bookkeeper-files/BOOKKEEPER,2,0.09583074051026758,0.060360920970752956,0.009956440572495333,IBk,OVER,true,NONE,11.0,51.0,289.0,5.0,0.1774193548387097,0.6875,0.7760110294117647,0.226807322370462
bookkeeper-files/BOOKKEEPER,2,0.09583074051026758,0.060360920970752956,0.009956440572495333,Random Forest,OVER,true,NONE,8.0,35.0,305.0,8.0,0.18604651162790697,0.5,0.7872242647058824,0.22009374363154663
bookkeeper-files/BOOKKEEPER,3,0.31736154324828875,0.07031736154324829,0.021779713752333542,NaiveBayes,OVER,true,NONE,14.0,8.0,313.0,21.0,0.6363636363636364,0.4,0.8732977303070761,0.44944539249146753
bookkeeper-files/BOOKKEEPER,3,0.31736154324828875,0.07031736154324829,0.021779713752333542,IBk,OVER,true,NONE,7.0,25.0,296.0,28.0,0.21875,0.2,0.5356475300400534,0.12696650009254126
bookkeeper-files/BOOKKEEPER,3,0.31736154324828875,0.07031736154324829,0.021779713752333542,Random Forest,OVER,true,NONE,3.0,3.0,318.0,32.0,0.5,0.08571428571428572,0.489363595905652,0.12104966139954866
bookkeeper-files/BOOKKEEPER,4,0.5388923459863099,0.09209707529558182,0.017423771001866834,NaiveBayes,OVER,true,NONE,18.0,27.0,306.0,10.0,0.4,0.6428571428571429,0.8551051051051051,0.4395585952251078
bookkeeper-files/BOOKKEEPER,4,0.5388923459863099,0.09209707529558182,0.017423771001866834,IBk,OVER,true,NONE,17.0,36.0,297.0,11.0,0.32075471698113206,0.6071428571428571,0.8302230802230802,0.3542039355992847
bookkeeper-files/BOOKKEEPER,4,0.5388923459863099,0.09209707529558182,0.017423771001866834,Random Forest,OVER,true,NONE,21.0,33.0,300.0,7.0,0.3888888888888889,0.75,0.9051909051909052,0.45669350590714103
bookkeeper-files/BOOKKEEPER,5,0.7635345364032359,0.10952084629744867,0.009956440572495333,NaiveBayes,OVER,true,NONE,8.0,36.0,327.0,8.0,0.18181818181818182,0.5,0.762396694214876,0.2182636414775926
bookkeeper-files/BOOKKEEPER,5,0.7635345364032359,0.10952084629744867,0.009956440572495333,IBk,OVER,true,NONE,6.0,33.0,330.0,10.0,0.15384615384615385,0.375,0.6859504132231405,0.16839312139613166
bookkeeper-files/BOOKKEEPER,5,0.7635345364032359,0.10952084629744867,0.009956440572495333,Random Forest,OVER,true,NONE,9.0,47.0,316.0,7.0,0.16071428571428573,0.5625,0.7272727272727273,0.1972858487605896
bookkeeper-files/BOOKKEEPER,1,0.03920348475420037,0.03360298693217175,0.026757934038581208,NaiveBayes,OVER,true,THRESH,42.0,48.0,0.0,1.0,0.4666666666666667,0.9767441860465116,0.4883720930232558,-0.02200320880128345
bookkeeper-files/BOOKKEEPER,1,0.03920348475420037,0.03360298693217175,0.026757934038581208,IBk,OVER,true,THRESH,41.0,43.0,5.0,2.0,0.4880952380952381,0.9534883720930233,0.528827519379845,0.054927302100161536
bookkeeper-files/BOOKKEEPER,1,0.03920348475420037,0.03360298693217175,0.026757934038581208,Random Forest,OVER,true,THRESH,42.0,47.0,1.0,1.0,0.47191011235955055,0.9767441860465116,0.4987887596899225,-0.0022946305644791177
bookkeeper-files/BOOKKEEPER,2,0.09583074051026758,0.060360920970752956,0.009956440572495333,NaiveBayes,OVER,true,THRESH,12.0,308.0,32.0,4.0,0.0375,0.75,0.42205882352941176,-0.015506143943826801
bookkeeper-files/BOOKKEEPER,2,0.09583074051026758,0.060360920970752956,0.009956440572495333,IBk,OVER,true,THRESH,11.0,51.0,289.0,5.0,0.1774193548387097,0.6875,0.76875,0.226807322370462
bookkeeper-files/BOOKKEEPER,2,0.09583074051026758,0.060360920970752956,0.009956440572495333,Random Forest,OVER,true,THRESH,14.0,96.0,244.0,2.0,0.12727272727272726,0.875,0.7963235294117647,0.15598993613315265
bookkeeper-files/BOOKKEEPER,3,0.31736154324828875,0.07031736154324829,0.021779713752333542,NaiveBayes,OVER,true,THRESH,23.0,29.0,292.0,12.0,0.4423076923076923,0.6571428571428571,0.7834000890075656,0.46597394994877794
bookkeeper-files/BOOKKEEPER,3,0.31736154324828875,0.07031736154324829,0.021779713752333542,IBk,OVER,true,THRESH,7.0,25.0,296.0,28.0,0.21875,0.2,0.5610591900311527,0.12696650009254126
bookkeeper-files/BOOKKEEPER,3,0.31736154324828875,0.07031736154324829,0.021779713752333542,Random Forest,OVER,true,THRESH,13.0,52.0,269.0,22.0,0.2,0.37142857142857144,0.6047174009790832,0.15156199677938845
bookkeeper-files/BOOKKEEPER,4,0.5388923459863099,0.09209707529558182,0.017423771001866834,NaiveBayes,OVER,true,THRESH,28.0,332.0,1.0,0.0,0.07777777777777778,1.0,0.5015015015015015,4.670247189511861E-4
bookkeeper-files/BOOKKEEPER,4,0.5388923459863099,0.09209707529558182,0.017423771001866834,IBk,OVER,true,THRESH,17.0,36.0,297.0,11.0,0.32075471698113206,0.6071428571428571,0.7495173745173745,0.3542039355992847
bookkeeper-files/BOOKKEEPER,4,0.5388923459863099,0.09209707529558182,0.017423771001866834,Random Forest,OVER,true,THRESH,26.0,73.0,260.0,2.0,0.26262626262626265,0.9285714285714286,0.8546761046761047,0.3282137806118652
bookkeeper-files/BOOKKEEPER,5,0.7635345364032359,0.10952084629744867,0.009956440572495333,NaiveBayes,OVER,true,THRESH,14.0,124.0,239.0,2.0,0.10144927536231885,0.875,0.7667011019283747,0.11484708063021319
bookkeeper-files/BOOKKEEPER,5,0.7635345364032359,0.10952084629744867,0.009956440572495333,IBk,OVER,true,THRESH,6.0,33.0,330.0,10.0,0.15384615384615385,0.375,0.6420454545454546,0.16839312139613166
bookkeeper-files/BOOKKEEPER,5,0.7635345364032359,0.10952084629744867,0.009956440572495333,Random Forest,OVER,true,THRESH,13.0,315.0,48.0,3.0,0.039634146341463415,0.8125,0.47236570247933884,-0.005355355355355367
bookkeeper-files/BOOKKEEPER,1,0.03920348475420037,0.03360298693217175,0.026757934038581208,NaiveBayes,OVER,true,SENS,42.0,48.0,0.0,1.0,0.4666666666666667,0.9767441860465116,0.49224806201550386,-0.02200320880128345
bookkeeper-files/BOOKKEEPER,1,0.03920348475420037,0.03360298693217175,0.026757934038581208,IBk,OVER,true,SENS,41.0,43.0,5.0,2.0,0.4880952380952381,0.9534883720930233,0.6584302325581395,0.054927302100161536
bookkeeper-files/BOOKKEEPER,1,0.03920348475420037,0.03360298693217175,0.026757934038581208,Random Forest,OVER,true,SENS,40.0,40.0,8.0,3.0,0.5,0.9302325581395349,0.5702519379844961,0.09274287039183868
bookkeeper-files/BOOKKEEPER,2,0.09583074051026758,0.060360920970752956,0.009956440572495333,NaiveBayes,OVER,true,SENS,12.0,308.0,32.0,4.0,0.0375,0.75,0.6738051470588236,-0.015506143943826801
bookkeeper-files/BOOKKEEPER,2,0.09583074051026758,0.060360920970752956,0.009956440572495333,IBk,OVER,true,SENS,11.0,51.0,289.0,5.0,0.1774193548387097,0.6875,0.7760110294117647,0.226807322370462
bookkeeper-files/BOOKKEEPER,2,0.09583074051026758,0.060360920970752956,0.009956440572495333,Random Forest,OVER,true,SENS,11.0,86.0,254.0,5.0,0.1134020618556701,0.6875,0.6672794117647058,0.12735696584419784
bookkeeper-files/BOOKKEEPER,3,0.31736154324828875,0.07031736154324829,0.021779713752333542,NaiveBayes,OVER,true,SENS,23.0,28.0,293.0,12.0,0.45098039215686275,0.6571428571428571,0.8732977303070761,0.47348961029357356
bookkeeper-files/BOOKKEEPER,3,0.31736154324828875,0.07031736154324829,0.021779713752333542,IBk,OVER,true,SENS,7.0,25.0,296.0,28.0,0.21875,0.2,0.5356475300400534,0.12696650009254126
bookkeeper-files/BOOKKEEPER,3,0.31736154324828875,0.07031736154324829,0.021779713752333542,Random Forest,OVER,true,SENS,9.0,37.0,284.0,26.0,0.1956521739130435,0.2571428571428571,0.6051179350244771,0.12445346658338506
bookkeeper-files/BOOKKEEPER,4,0.5388923459863099,0.09209707529558182,0.017423771001866834,NaiveBayes,OVER,true,SENS,28.0,332.0,1.0,0.0,0.07777777777777778,1.0,0.8551051051051051,4.670247189511861E-4
bookkeeper-files/BOOKKEEPER,4,0.5388923459863099,0.09209707529558182,0.017423771001866834,IBk,OVER,true,SENS,17.0,36.0,297.0,11.0,0.32075471698113206,0.6071428571428571,0.8302230802230802,0.3542039355992847
bookkeeper-files/BOOKKEEPER,4,0.5388923459863099,0.09209707529558182,0.017423771001866834,Random Forest,OVER,true,SENS,25.0,65.0,268.0,3.0,0.2777777777777778,0.8928571428571429,0.8926962676962676,0.34639757175568464
bookkeeper-files/BOOKKEEPER,5,0.7635345364032359,0.10952084629744867,0.009956440572495333,NaiveBayes,OVER,true,SENS,14.0,124.0,239.0,2.0,0.10144927536231885,0.875,0.762396694214876,0.11484708063021319
bookkeeper-files/BOOKKEEPER,5,0.7635345364032359,0.10952084629744867,0.009956440572495333,IBk,OVER,true,SENS,6.0,33.0,330.0,10.0,0.15384615384615385,0.375,0.6859504132231405,0.16839312139613166
bookkeeper-files/BOOKKEEPER,5,0.7635345364032359,0.10952084629744867,0.009956440572495333,Random Forest,OVER,true,SENS,14.0,309.0,54.0,2.0,0.043343653250773995,0.875,0.8133608815426997,0.0023361124042490184
bookkeeper-files/BOOKKEEPER,1,0.03920348475420037,0.03360298693217175,0.026757934038581208,NaiveBayes,UNDER,true,NONE,43.0,48.0,0.0,0.0,0.4725274725274725,1.0,0.6996124031007752,0.0
bookkeeper-files/BOOKKEEPER,1,0.03920348475420037,0.03360298693217175,0.026757934038581208,IBk,UNDER,true,NONE,40.0,34.0,14.0,3.0,0.5405405405405406,0.9302325581395349,0.658672480620155,0.21386878356292324
bookkeeper-files/BOOKKEEPER,1,0.03920348475420037,0.03360298693217175,0.026757934038581208,Random Forest,UNDER,true,NONE,40.0,33.0,15.0,3.0,0.547945205479452,0.9302325581395349,0.6162790697674418,0.23422159887798033
bookkeeper-files/BOOKKEEPER,2,0.09583074051026758,0.060360920970752956,0.009956440572495333,NaiveBayes,UNDER,true,NONE,9.0,27.0,313.0,7.0,0.25,0.5625,0.7263786764705882,0.30276497695852556
bookkeeper-files/BOOKKEEPER,2,0.09583074051026758,0.060360920970752956,0.009956440572495333,IBk,UNDER,true,NONE,10.0,70.0,270.0,6.0,0.125,0.625,0.73125,0.14423076923076922
bookkeeper-files/BOOKKEEPER,2,0.09583074051026758,0.060360920970752956,0.009956440572495333,Random Forest,UNDER,true,NONE,11.0,58.0,282.0,5.0,0.15942028985507245,0.6875,0.7715992647058824,0.2004848139170112
bookkeeper-files/BOOKKEEPER,3,0.31736154324828875,0.07031736154324829,0.021779713752333542,NaiveBayes,UNDER,true,NONE,1.0,1.0,320.0,34.0,0.5,0.02857142857142857,0.8825100133511349,0.04389195825659988
bookkeeper-files/BOOKKEEPER,3,0.31736154324828875,0.07031736154324829,0.021779713752333542,IBk,UNDER,true,NONE,2.0,6.0,315.0,33.0,0.25,0.05714285714285714,0.530173564753004,0.058584214808788136
bookkeeper-files/BOOKKEEPER,3,0.31736154324828875,0.07031736154324829,0.021779713752333542,Random Forest,UNDER,true,NONE,2.0,2.0,319.0,33.0,0.5,0.05714285714285714,0.48958611481975967,0.08409291384886838
bookkeeper-files/BOOKKEEPER,4,0.5388923459863099,0.09209707529558182,0.017423771001866834,NaiveBayes,UNDER,true,NONE,11.0,7.0,326.0,17.0,0.6111111111111112,0.39285714285714285,0.8551051051051051,0.44454417232978577
bookkeeper-files/BOOKKEEPER,4,0.5388923459863099,0.09209707529558182,0.017423771001866834,IBk,UNDER,true,NONE,6.0,16.0,317.0,22.0,0.2727272727272727,0.21428571428571427,0.5592020592020592,0.18432631704126545
bookkeeper-files/BOOKKEEPER,4,0.5388923459863099,0.09209707529558182,0.017423771001866834,Random Forest,UNDER,true,NONE,10.0,17.0,316.0,18.0,0.37037037037037035,0.35714285714285715,0.900954525954526,0.3111813770920788
bookkeeper-files/BOOKKEEPER,5,0.7635345364032359,0.10952084629744867,0.009956440572495333,NaiveBayes,UNDER,true,NONE,7.0,25.0,338.0,9.0,0.21875,0.4375,0.7178891184573003,0.24941752096924455
bookkeeper-files/BOOKKEEPER,5,0.7635345364032359,0.10952084629744867,0.009956440572495333,IBk,UNDER,true,NONE,4.0,36.0,327.0,12.0,0.1,0.25,0.5040461432506887,0.08784596871239488
bookkeeper-files/BOOKKEEPER,5,0.7635345364032359,0.10952084629744867,0.009956440572495333,Random Forest,UNDER,true,NONE,6.0,34.0,329.0,10.0,0.15,0.375,0.7271866391184573,0.1638588046530289
bookkeeper-files/BOOKKEEPER,1,0.03920348475420037,0.03360298693217175,0.026757934038581208,NaiveBayes,UNDER,true,THRESH,43.0,48.0,0.0,0.0,0.4725274725274725,1.0,0.5,0.0
bookkeeper-files/BOOKKEEPER,1,0.03920348475420037,0.03360298693217175,0.026757934038581208,IBk,UNDER,true,THRESH,40.0,34.0,14.0,3.0,0.5405405405405406,0.9302325581395349,0.6109496124031008,0.21386878356292324
bookkeeper-files/BOOKKEEPER,1,0.03920348475420037,0.03360298693217175,0.026757934038581208,Random Forest,UNDER,true,THRESH,43.0,47.0,1.0,0.0,0.4777777777777778,1.0,0.5104166666666666,0.019711207884483186
bookkeeper-files/BOOKKEEPER,2,0.09583074051026758,0.060360920970752956,0.009956440572495333,NaiveBayes,UNDER,true,THRESH,11.0,54.0,286.0,5.0,0.16923076923076924,0.6875,0.7643382352941176,0.21497981761100285
bookkeeper-files/BOOKKEEPER,2,0.09583074051026758,0.060360920970752956,0.009956440572495333,IBk,UNDER,true,THRESH,10.0,70.0,270.0,6.0,0.125,0.625,0.7095588235294118,0.14423076923076922
bookkeeper-files/BOOKKEEPER,2,0.09583074051026758,0.060360920970752956,0.009956440572495333,Random Forest,UNDER,true,THRESH,16.0,333.0,7.0,0.0,0.045845272206303724,1.0,0.5102941176470588,0.0018859663893847154
bookkeeper-files/BOOKKEEPER,3,0.31736154324828875,0.07031736154324829,0.021779713752333542,NaiveBayes,UNDER,true,THRESH,13.0,7.0,314.0,22.0,0.65,0.37142857142857144,0.6748108589230084,0.43212321232123174
bookkeeper-files/BOOKKEEPER,3,0.31736154324828875,0.07031736154324829,0.021779713752333542,IBk,UNDER,true,THRESH,2.0,6.0,315.0,33.0,0.25,0.05714285714285714,0.5192256341789052,0.058584214808788136
bookkeeper-files/BOOKKEEPER,3,0.31736154324828875,0.07031736154324829,0.021779713752333542,Random Forest,UNDER,true,THRESH,12.0,31.0,290.0,23.0,0.27906976744186046,0.34285714285714286,0.6231419670672007,0.2235237095080375
bookkeeper-files/BOOKKEEPER,4,0.5388923459863099,0.09209707529558182,0.017423771001866834,NaiveBayes,UNDER,true,THRESH,21.0,64.0,269.0,7.0,0.24705882352941178,0.75,0.7789039039039038,0.2886798212749425
bookkeeper-files/BOOKKEEPER,4,0.5388923459863099,0.09209707529558182,0.017423771001866834,IBk,UNDER,true,THRESH,6.0,16.0,317.0,22.0,0.2727272727272727,0.21428571428571427,0.5831188331188332,0.18432631704126545
bookkeeper-files/BOOKKEEPER,4,0.5388923459863099,0.09209707529558182,0.017423771001866834,Random Forest,UNDER,true,THRESH,25.0,53.0,280.0,3.0,0.32051282051282054,0.8928571428571429,0.8668489918489919,0.4036226326036937
bookkeeper-files/BOOKKEEPER,5,0.7635345364032359,0.10952084629744867,0.009956440572495333,NaiveBayes,UNDER,true,THRESH,9.0,72.0,291.0,7.0,0.1111111111111111,0.5625,0.6820764462809917,0.1237891779579172
bookkeeper-files/BOOKKEEPER,5,0.7635345364032359,0.10952084629744867,0.009956440572495333,IBk,UNDER,true,THRESH,4.0,36.0,327.0,12.0,0.1,0.25,0.5754132231404959,0.08784596871239488
bookkeeper-files/BOOKKEEPER,5,0.7635345364032359,0.10952084629744867,0.009956440572495333,Random Forest,UNDER,true,THRESH,12.0,292.0,71.0,4.0,0.039473684210526314,0.75,0.4727961432506887,-0.005665519219736087
bookkeeper-files/BOOKKEEPER,1,0.03920348475420037,0.03360298693217175,0.026757934038581208,NaiveBayes,UNDER,true,SENS,43.0,48.0,0.0,0.0,0.4725274725274725,1.0,0.6996124031007752,0.0
bookkeeper-files/BOOKKEEPER,1,0.03920348475420037,0.03360298693217175,0.026757934038581208,IBk,UNDER,true,SENS,40.0,34.0,14.0,3.0,0.5405405405405406,0.9302325581395349,0.658672480620155,0.21386878356292324
bookkeeper-files/BOOKKEEPER,1,0.03920348475420037,0.03360298693217175,0.026757934038581208,Random Forest,UNDER,true,SENS,43.0,48.0,0.0,0.0,0.4725274725274725,1.0,0.6312984496124031,0.0
bookkeeper-files/BOOKKEEPER,2,0.09583074051026758,0.060360920970752956,0.009956440572495333,NaiveBayes,UNDER,true,SENS,11.0,54.0,286.0,5.0,0.16923076923076924,0.6875,0.7263786764705882,0.21497981761100285
bookkeeper-files/BOOKKEEPER,2,0.09583074051026758,0.060360920970752956,0.009956440572495333,IBk,UNDER,true,SENS,10.0,70.0,270.0,6.0,0.125,0.625,0.73125,0.14423076923076922
bookkeeper-files/BOOKKEEPER,2,0.09583074051026758,0.060360920970752956,0.009956440572495333,Random Forest,UNDER,true,SENS,16.0,340.0,0.0,0.0,0.0449438202247191,1.0,0.7510110294117647,0.0
bookkeeper-files/BOOKKEEPER,3,0.31736154324828875,0.07031736154324829,0.021779713752333542,NaiveBayes,UNDER,true,SENS,13.0,7.0,314.0,22.0,0.65,0.37142857142857144,0.8825100133511349,0.43212321232123174
bookkeeper-files/BOOKKEEPER,3,0.31736154324828875,0.07031736154324829,0.021779713752333542,IBk,UNDER,true,SENS,2.0,6.0,315.0,33.0,0.25,0.05714285714285714,0.530173564753004,0.058584214808788136
bookkeeper-files/BOOKKEEPER,3,0.31736154324828875,0.07031736154324829,0.021779713752333542,Random Forest,UNDER,true,SENS,5.0,10.0,311.0,30.0,0.3333333333333333,0.14285714285714285,0.5745883400089008,0.14985074626865627
bookkeeper-files/BOOKKEEPER,4,0.5388923459863099,0.09209707529558182,0.017423771001866834,NaiveBayes,UNDER,true,SENS,21.0,64.0,269.0,7.0,0.24705882352941178,0.75,0.8551051051051051,0.2886798212749425
bookkeeper-files/BOOKKEEPER,4,0.5388923459863099,0.09209707529558182,0.017423771001866834,IBk,UNDER,true,SENS,6.0,16.0,317.0,22.0,0.2727272727272727,0.21428571428571427,0.5592020592020592,0.18432631704126545
bookkeeper-files/BOOKKEEPER,4,0.5388923459863099,0.09209707529558182,0.017423771001866834,Random Forest,UNDER,true,SENS,16.0,33.0,300.0,12.0,0.32653061224489793,0.5714285714285714,0.8708708708708709,0.3515746617171593
bookkeeper-files/BOOKKEEPER,5,0.7635345364032359,0.10952084629744867,0.009956440572495333,NaiveBayes,UNDER,true,SENS,9.0,72.0,291.0,7.0,0.1111111111111111,0.5625,0.7178891184573003,0.1237891779579172
bookkeeper-files/BOOKKEEPER,5,0.7635345364032359,0.10952084629744867,0.009956440572495333,IBk,UNDER,true,SENS,4.0,36.0,327.0,12.0,0.1,0.25,0.5040461432506887,0.08784596871239488
bookkeeper-files/BOOKKEEPER,5,0.7635345364032359,0.10952084629744867,0.009956440572495333,Random Forest,UNDER,true,SENS,10.0,51.0,312.0,6.0,0.16393442622950818,0.625,0.7541322314049587,0.20667621460835062
bookkeeper-files/BOOKKEEPER,1,0.03920348475420037,0.03360298693217175,0.026757934038581208,NaiveBayes,SMOTE,true,NONE,26.0,27.0,21.0,17.0,0.49056603773584906,0.6046511627906976,0.5721899224806202,0.0416467209191002
bookkeeper-files/BOOKKEEPER,1,0.03920348475420037,0.03360298693217175,0.026757934038581208,IBk,SMOTE,true,NONE,30.0,24.0,24.0,13.0,0.5555555555555556,0.6976744186046512,0.6031976744186046,0.19507530480516383
bookkeeper-files/BOOKKEEPER,1,0.03920348475420037,0.03360298693217175,0.026757934038581208,Random Forest,SMOTE,true,NONE,36.0,32.0,16.0,7.0,0.5294117647058824,0.8372093023255814,0.6744186046511628,0.16553021396661174
bookkeeper-files/BOOKKEEPER,2,0.09583074051026758,0.060360920970752956,0.009956440572495333,NaiveBayes,SMOTE,true,NONE,10.0,29.0,311.0,6.0,0.2564102564102564,0.625,0.7339154411764706,0.32031420466943084
bookkeeper-files/BOOKKEEPER,2,0.09583074051026758,0.060360920970752956,0.009956440572495333,IBk,SMOTE,true,NONE,12.0,46.0,294.0,4.0,0.20689655172413793,0.75,0.8722426470588235,0.2731133616465207
bookkeeper-files/BOOKKEEPER,2,0.09583074051026758,0.060360920970752956,0.009956440572495333,Random Forest,SMOTE,true,NONE,11.0,43.0,297.0,5.0,0.2037037037037037,0.6875,0.7308823529411764,0.2631942048982409
bookkeeper-files/BOOKKEEPER,3,0.31736154324828875,0.07031736154324829,0.021779713752333542,NaiveBayes,SMOTE,true,NONE,1.0,0.0,321.0,34.0,1.0,0.02857142857142857,0.8850467289719626,0.05036874313510111
bookkeeper-files/BOOKKEEPER,3,0.31736154324828875,0.07031736154324829,0.021779713752333542,IBk,SMOTE,true,NONE,6.0,239.0,82.0,29.0,0.024489795918367346,0.17142857142857143,0.23969737427681354,-0.15604022779595303
bookkeeper-files/BOOKKEEPER,3,0.31736154324828875,0.07031736154324829,0.021779713752333542,Random Forest,SMOTE,true,NONE,3.0,2.0,319.0,32.0,0.6,0.08571428571428572,0.22429906542056074,0.12858171346292324
bookkeeper-files/BOOKKEEPER,4,0.5388923459863099,0.09209707529558182,0.017423771001866834,NaiveBayes,SMOTE,true,NONE,12.0,12.0,321.0,16.0,0.5,0.42857142857142855,0.8561239811239811,0.42001377094330916
bookkeeper-files/BOOKKEEPER,4,0.5388923459863099,0.09209707529558182,0.017423771001866834,IBk,SMOTE,true,NONE,8.0,30.0,303.0,20.0,0.21052631578947367,0.2857142857142857,0.573037323037323,0.16812609457092792
bookkeeper-files/BOOKKEEPER,4,0.5388923459863099,0.09209707529558182,0.017423771001866834,Random Forest,SMOTE,true,NONE,15.0,247.0,86.0,13.0,0.05725190839694656,0.5357142857142857,0.5935757185757186,-0.04268035281832523
bookkeeper-files/BOOKKEEPER,5,0.7635345364032359,0.10952084629744867,0.009956440572495333,NaiveBayes,SMOTE,true,NONE,8.0,29.0,334.0,8.0,0.21621621621621623,0.5,0.7603305785123967,0.2581600804105165
bookkeeper-files/BOOKKEEPER,5,0.7635345364032359,0.10952084629744867,0.009956440572495333,IBk,SMOTE,true,NONE,6.0,46.0,317.0,10.0,0.11538461538461539,0.375,0.5516528925619835,0.11962833914053425
bookkeeper-files/BOOKKEEPER,5,0.7635345364032359,0.10952084629744867,0.009956440572495333,Random Forest,SMOTE,true,NONE,7.0,37.0,326.0,9.0,0.1590909090909091,0.4375,0.6577134986225895,0.1827301706356645
bookkeeper-files/BOOKKEEPER,1,0.03920348475420037,0.03360298693217175,0.026757934038581208,NaiveBayes,SMOTE,true,THRESH,43.0,48.0,0.0,0.0,0.4725274725274725,1.0,0.5,0.0
bookkeeper-files/BOOKKEEPER,1,0.03920348475420037,0.03360298693217175,0.026757934038581208,IBk,SMOTE,true,THRESH,30.0,24.0,24.0,13.0,0.5555555555555556,0.6976744186046512,0.5988372093023255,0.19507530480516383
bookkeeper-files/BOOKKEEPER,1,0.03920348475420037,0.03360298693217175,0.026757934038581208,Random Forest,SMOTE,true,THRESH,43.0,48.0,0.0,0.0,0.4725274725274725,1.0,0.5,0.0
bookkeeper-files/BOOKKEEPER,2,0.09583074051026758,0.060360920970752956,0.009956440572495333,NaiveBayes,SMOTE,true,THRESH,12.0,57.0,283.0,4.0,0.17391304347826086,0.75,0.7911764705882353,0.2258662483958363
bookkeeper-files/BOOKKEEPER,2,0.09583074051026758,0.060360920970752956,0.009956440572495333,IBk,SMOTE,true,THRESH,14.0,68.0,272.0,2.0,0.17073170731707318,0.875,0.8375,0.22762211753037428
bookkeeper-files/BOOKKEEPER,2,0.09583074051026758,0.060360920970752956,0.009956440572495333,Random Forest,SMOTE,true,THRESH,14.0,320.0,20.0,2.0,0.041916167664670656,0.875,0.46691176470588236,-0.006320668586277121
bookkeeper-files/BOOKKEEPER,3,0.31736154324828875,0.07031736154324829,0.021779713752333542,NaiveBayes,SMOTE,true,THRESH,6.0,3.0,318.0,29.0,0.6666666666666666,0.17142857142857143,0.581041388518024,0.24225089796461344
bookkeeper-files/BOOKKEEPER,3,0.31736154324828875,0.07031736154324829,0.021779713752333542,IBk,SMOTE,true,THRESH,6.0,239.0,82.0,29.0,0.024489795918367346,0.17142857142857143,0.21344014241210502,-0.15604022779595303
bookkeeper-files/BOOKKEEPER,3,0.31736154324828875,0.07031736154324829,0.021779713752333542,Random Forest,SMOTE,true,THRESH,12.0,271.0,50.0,23.0,0.04240282685512368,0.34285714285714286,0.24931019136626614,-0.12062356795648732
bookkeeper-files/BOOKKEEPER,4,0.5388923459863099,0.09209707529558182,0.017423771001866834,NaiveBayes,SMOTE,true,THRESH,24.0,85.0,248.0,4.0,0.22018348623853212,0.8571428571428571,0.8009438009438009,0.2588978848061264
bookkeeper-files/BOOKKEEPER,4,0.5388923459863099,0.09209707529558182,0.017423771001866834,IBk,SMOTE,true,THRESH,8.0,30.0,303.0,20.0,0.21052631578947367,0.2857142857142857,0.5978120978120978,0.16812609457092792
bookkeeper-files/BOOKKEEPER,4,0.5388923459863099,0.09209707529558182,0.017423771001866834,Random Forest,SMOTE,true,THRESH,28.0,296.0,37.0,0.0,0.08641975308641975,1.0,0.5555555555555556,0.019021739130434798
bookkeeper-files/BOOKKEEPER,5,0.7635345364032359,0.10952084629744867,0.009956440572495333,NaiveBayes,SMOTE,true,THRESH,9.0,74.0,289.0,7.0,0.10843373493975904,0.5625,0.6793216253443526,0.11948945934318063
bookkeeper-files/BOOKKEEPER,5,0.7635345364032359,0.10952084629744867,0.009956440572495333,IBk,SMOTE,true,THRESH,6.0,46.0,317.0,10.0,0.11538461538461539,0.375,0.6241391184573003,0.11962833914053425
bookkeeper-files/BOOKKEEPER,5,0.7635345364032359,0.10952084629744867,0.009956440572495333,Random Forest,SMOTE,true,THRESH,15.0,312.0,51.0,1.0,0.045871559633027525,0.9375,0.5389979338842975,0.007579496875339883
bookkeeper-files/BOOKKEEPER,1,0.03920348475420037,0.03360298693217175,0.026757934038581208,NaiveBayes,SMOTE,true,SENS,42.0,46.0,2.0,1.0,0.4772727272727273,0.9767441860465116,0.5721899224806202,0.017459223524006463
bookkeeper-files/BOOKKEEPER,1,0.03920348475420037,0.03360298693217175,0.026757934038581208,IBk,SMOTE,true,SENS,30.0,24.0,24.0,13.0,0.5555555555555556,0.6976744186046512,0.6031976744186046,0.19507530480516383
bookkeeper-files/BOOKKEEPER,1,0.03920348475420037,0.03360298693217175,0.026757934038581208,Random Forest,SMOTE,true,SENS,43.0,48.0,0.0,0.0,0.4725274725274725,1.0,0.6717538759689923,0.0
bookkeeper-files/BOOKKEEPER,2,0.09583074051026758,0.060360920970752956,0.009956440572495333,NaiveBayes,SMOTE,true,SENS,12.0,56.0,284.0,4.0,0.17647058823529413,0.75,0.7339154411764706,0.2296595499134451
bookkeeper-files/BOOKKEEPER,2,0.09583074051026758,0.060360920970752956,0.009956440572495333,IBk,SMOTE,true,SENS,14.0,68.0,272.0,2.0,0.17073170731707318,0.875,0.8722426470588235,0.22762211753037428
bookkeeper-files/BOOKKEEPER,2,0.09583074051026758,0.060360920970752956,0.009956440572495333,Random Forest,SMOTE,true,SENS,14.0,327.0,13.0,2.0,0.04105571847507331,0.875,0.8094669117647059,-0.008125322775004296
bookkeeper-files/BOOKKEEPER,3,0.31736154324828875,0.07031736154324829,0.021779713752333542,NaiveBayes,SMOTE,true,SENS,6.0,3.0,318.0,29.0,0.6666666666666666,0.17142857142857143,0.8850467289719626,0.24225089796461344
bookkeeper-files/BOOKKEEPER,3,0.31736154324828875,0.07031736154324829,0.021779713752333542,IBk,SMOTE,true,SENS,6.0,239.0,82.0,29.0,0.024489795918367346,0.17142857142857143,0.23969737427681354,-0.15604022779595303
bookkeeper-files/BOOKKEEPER,3,0.31736154324828875,0.07031736154324829,0.021779713752333542,Random Forest,SMOTE,true,SENS,5.0,27.0,294.0,30.0,0.15625,0.14285714285714285,0.3565643079661771,0.061077179344808344
bookkeeper-files/BOOKKEEPER,4,0.5388923459863099,0.09209707529558182,0.017423771001866834,NaiveBayes,SMOTE,true,SENS,24.0,85.0,248.0,4.0,0.22018348623853212,0.8571428571428571,0.8561239811239811,0.2588978848061264
bookkeeper-files/BOOKKEEPER,4,0.5388923459863099,0.09209707529558182,0.017423771001866834,IBk,SMOTE,true,SENS,8.0,30.0,303.0,20.0,0.21052631578947367,0.2857142857142857,0.573037323037323,0.16812609457092792
bookkeeper-files/BOOKKEEPER,4,0.5388923459863099,0.09209707529558182,0.017423771001866834,Random Forest,SMOTE,true,SENS,25.0,284.0,49.0,3.0,0.08090614886731391,0.8928571428571429,0.608000858000858,0.0071488122047282075
bookkeeper-files/BOOKKEEPER,5,0.7635345364032359,0.10952084629744867,0.009956440572495333,NaiveBayes,SMOTE,true,SENS,9.0,74.0,289.0,7.0,0.10843373493975904,0.5625,0.7603305785123967,0.11948945934318063
bookkeeper-files/BOOKKEEPER,5,0.7635345364032359,0.10952084629744867,0.009956440572495333,IBk,SMOTE,true,SENS,6.0,46.0,317.0,10.0,0.11538461538461539,0.375,0.5516528925619835,0.11962833914053425
bookkeeper-files/BOOKKEEPER,5,0.7635345364032359,0.10952084629744867,0.009956440572495333,Random Forest,SMOTE,true,SENS,13.0,293.0,70.0,3.0,0.042483660130718956,0.8125,0.7240874655647382,5.523582132102922E-4
